{
  "nodes": [
    {
      "op": "null", 
      "name": "data", 
      "inputs": []
    }, 
    {
      "op": "null", 
      "name": "conv1_1_weight", 
      "attrs": {
        "kernel": "(3, 3)", 
        "num_filter": "64", 
        "pad": "(1, 1)", 
        "workspace": "2048"
      }, 
      "inputs": []
    }, 
    {
      "op": "null", 
      "name": "conv1_1_bias", 
      "attrs": {
        "kernel": "(3, 3)", 
        "num_filter": "64", 
        "pad": "(1, 1)", 
        "workspace": "2048"
      }, 
      "inputs": []
    }, 
    {
      "op": "Convolution", 
      "name": "conv1_1", 
      "attrs": {
        "kernel": "(3, 3)", 
        "num_filter": "64", 
        "pad": "(1, 1)", 
        "workspace": "2048"
      }, 
      "inputs": [[0, 0, 0], [1, 0, 0], [2, 0, 0]]
    }, 
    {
      "op": "Activation", 
      "name": "relu1_1", 
      "attrs": {"act_type": "relu"}, 
      "inputs": [[3, 0, 0]]
    }, 
    {
      "op": "null", 
      "name": "conv1_2_weight", 
      "attrs": {
        "kernel": "(3, 3)", 
        "num_filter": "64", 
        "pad": "(1, 1)", 
        "workspace": "2048"
      }, 
      "inputs": []
    }, 
    {
      "op": "null", 
      "name": "conv1_2_bias", 
      "attrs": {
        "kernel": "(3, 3)", 
        "num_filter": "64", 
        "pad": "(1, 1)", 
        "workspace": "2048"
      }, 
      "inputs": []
    }, 
    {
      "op": "Convolution", 
      "name": "conv1_2", 
      "attrs": {
        "kernel": "(3, 3)", 
        "num_filter": "64", 
        "pad": "(1, 1)", 
        "workspace": "2048"
      }, 
      "inputs": [[4, 0, 0], [5, 0, 0], [6, 0, 0]]
    }, 
    {
      "op": "Activation", 
      "name": "relu1_2", 
      "attrs": {"act_type": "relu"}, 
      "inputs": [[7, 0, 0]]
    }, 
    {
      "op": "Pooling", 
      "name": "pool1", 
      "attrs": {
        "kernel": "(2, 2)", 
        "pool_type": "max", 
        "stride": "(2, 2)"
      }, 
      "inputs": [[8, 0, 0]]
    }, 
    {
      "op": "null", 
      "name": "conv2_1_weight", 
      "attrs": {
        "kernel": "(3, 3)", 
        "num_filter": "128", 
        "pad": "(1, 1)", 
        "workspace": "2048"
      }, 
      "inputs": []
    }, 
    {
      "op": "null", 
      "name": "conv2_1_bias", 
      "attrs": {
        "kernel": "(3, 3)", 
        "num_filter": "128", 
        "pad": "(1, 1)", 
        "workspace": "2048"
      }, 
      "inputs": []
    }, 
    {
      "op": "Convolution", 
      "name": "conv2_1", 
      "attrs": {
        "kernel": "(3, 3)", 
        "num_filter": "128", 
        "pad": "(1, 1)", 
        "workspace": "2048"
      }, 
      "inputs": [[9, 0, 0], [10, 0, 0], [11, 0, 0]]
    }, 
    {
      "op": "Activation", 
      "name": "relu2_1", 
      "attrs": {"act_type": "relu"}, 
      "inputs": [[12, 0, 0]]
    }, 
    {
      "op": "null", 
      "name": "conv2_2_weight", 
      "attrs": {
        "kernel": "(3, 3)", 
        "num_filter": "128", 
        "pad": "(1, 1)", 
        "workspace": "2048"
      }, 
      "inputs": []
    }, 
    {
      "op": "null", 
      "name": "conv2_2_bias", 
      "attrs": {
        "kernel": "(3, 3)", 
        "num_filter": "128", 
        "pad": "(1, 1)", 
        "workspace": "2048"
      }, 
      "inputs": []
    }, 
    {
      "op": "Convolution", 
      "name": "conv2_2", 
      "attrs": {
        "kernel": "(3, 3)", 
        "num_filter": "128", 
        "pad": "(1, 1)", 
        "workspace": "2048"
      }, 
      "inputs": [[13, 0, 0], [14, 0, 0], [15, 0, 0]]
    }, 
    {
      "op": "Activation", 
      "name": "relu2_2", 
      "attrs": {"act_type": "relu"}, 
      "inputs": [[16, 0, 0]]
    }, 
    {
      "op": "Pooling", 
      "name": "pool2", 
      "attrs": {
        "kernel": "(2, 2)", 
        "pool_type": "max", 
        "stride": "(2, 2)"
      }, 
      "inputs": [[17, 0, 0]]
    }, 
    {
      "op": "null", 
      "name": "conv3_1_weight", 
      "attrs": {
        "kernel": "(3, 3)", 
        "num_filter": "256", 
        "pad": "(1, 1)", 
        "workspace": "2048"
      }, 
      "inputs": []
    }, 
    {
      "op": "null", 
      "name": "conv3_1_bias", 
      "attrs": {
        "kernel": "(3, 3)", 
        "num_filter": "256", 
        "pad": "(1, 1)", 
        "workspace": "2048"
      }, 
      "inputs": []
    }, 
    {
      "op": "Convolution", 
      "name": "conv3_1", 
      "attrs": {
        "kernel": "(3, 3)", 
        "num_filter": "256", 
        "pad": "(1, 1)", 
        "workspace": "2048"
      }, 
      "inputs": [[18, 0, 0], [19, 0, 0], [20, 0, 0]]
    }, 
    {
      "op": "Activation", 
      "name": "relu3_1", 
      "attrs": {"act_type": "relu"}, 
      "inputs": [[21, 0, 0]]
    }, 
    {
      "op": "null", 
      "name": "conv3_2_weight", 
      "attrs": {
        "kernel": "(3, 3)", 
        "num_filter": "256", 
        "pad": "(1, 1)", 
        "workspace": "2048"
      }, 
      "inputs": []
    }, 
    {
      "op": "null", 
      "name": "conv3_2_bias", 
      "attrs": {
        "kernel": "(3, 3)", 
        "num_filter": "256", 
        "pad": "(1, 1)", 
        "workspace": "2048"
      }, 
      "inputs": []
    }, 
    {
      "op": "Convolution", 
      "name": "conv3_2", 
      "attrs": {
        "kernel": "(3, 3)", 
        "num_filter": "256", 
        "pad": "(1, 1)", 
        "workspace": "2048"
      }, 
      "inputs": [[22, 0, 0], [23, 0, 0], [24, 0, 0]]
    }, 
    {
      "op": "Activation", 
      "name": "relu3_2", 
      "attrs": {"act_type": "relu"}, 
      "inputs": [[25, 0, 0]]
    }, 
    {
      "op": "null", 
      "name": "conv3_3_weight", 
      "attrs": {
        "kernel": "(3, 3)", 
        "num_filter": "256", 
        "pad": "(1, 1)", 
        "workspace": "2048"
      }, 
      "inputs": []
    }, 
    {
      "op": "null", 
      "name": "conv3_3_bias", 
      "attrs": {
        "kernel": "(3, 3)", 
        "num_filter": "256", 
        "pad": "(1, 1)", 
        "workspace": "2048"
      }, 
      "inputs": []
    }, 
    {
      "op": "Convolution", 
      "name": "conv3_3", 
      "attrs": {
        "kernel": "(3, 3)", 
        "num_filter": "256", 
        "pad": "(1, 1)", 
        "workspace": "2048"
      }, 
      "inputs": [[26, 0, 0], [27, 0, 0], [28, 0, 0]]
    }, 
    {
      "op": "Activation", 
      "name": "relu3_3", 
      "attrs": {"act_type": "relu"}, 
      "inputs": [[29, 0, 0]]
    }, 
    {
      "op": "Pooling", 
      "name": "pool3", 
      "attrs": {
        "kernel": "(2, 2)", 
        "pool_type": "max", 
        "stride": "(2, 2)"
      }, 
      "inputs": [[30, 0, 0]]
    }, 
    {
      "op": "null", 
      "name": "conv4_1_weight", 
      "attrs": {
        "kernel": "(3, 3)", 
        "num_filter": "512", 
        "pad": "(1, 1)", 
        "workspace": "2048"
      }, 
      "inputs": []
    }, 
    {
      "op": "null", 
      "name": "conv4_1_bias", 
      "attrs": {
        "kernel": "(3, 3)", 
        "num_filter": "512", 
        "pad": "(1, 1)", 
        "workspace": "2048"
      }, 
      "inputs": []
    }, 
    {
      "op": "Convolution", 
      "name": "conv4_1", 
      "attrs": {
        "kernel": "(3, 3)", 
        "num_filter": "512", 
        "pad": "(1, 1)", 
        "workspace": "2048"
      }, 
      "inputs": [[31, 0, 0], [32, 0, 0], [33, 0, 0]]
    }, 
    {
      "op": "Activation", 
      "name": "relu4_1", 
      "attrs": {"act_type": "relu"}, 
      "inputs": [[34, 0, 0]]
    }, 
    {
      "op": "null", 
      "name": "conv4_2_weight", 
      "attrs": {
        "kernel": "(3, 3)", 
        "num_filter": "512", 
        "pad": "(1, 1)", 
        "workspace": "2048"
      }, 
      "inputs": []
    }, 
    {
      "op": "null", 
      "name": "conv4_2_bias", 
      "attrs": {
        "kernel": "(3, 3)", 
        "num_filter": "512", 
        "pad": "(1, 1)", 
        "workspace": "2048"
      }, 
      "inputs": []
    }, 
    {
      "op": "Convolution", 
      "name": "conv4_2", 
      "attrs": {
        "kernel": "(3, 3)", 
        "num_filter": "512", 
        "pad": "(1, 1)", 
        "workspace": "2048"
      }, 
      "inputs": [[35, 0, 0], [36, 0, 0], [37, 0, 0]]
    }, 
    {
      "op": "Activation", 
      "name": "relu4_2", 
      "attrs": {"act_type": "relu"}, 
      "inputs": [[38, 0, 0]]
    }, 
    {
      "op": "null", 
      "name": "conv4_3_weight", 
      "attrs": {
        "kernel": "(3, 3)", 
        "num_filter": "512", 
        "pad": "(1, 1)", 
        "workspace": "2048"
      }, 
      "inputs": []
    }, 
    {
      "op": "null", 
      "name": "conv4_3_bias", 
      "attrs": {
        "kernel": "(3, 3)", 
        "num_filter": "512", 
        "pad": "(1, 1)", 
        "workspace": "2048"
      }, 
      "inputs": []
    }, 
    {
      "op": "Convolution", 
      "name": "conv4_3", 
      "attrs": {
        "kernel": "(3, 3)", 
        "num_filter": "512", 
        "pad": "(1, 1)", 
        "workspace": "2048"
      }, 
      "inputs": [[39, 0, 0], [40, 0, 0], [41, 0, 0]]
    }, 
    {
      "op": "Activation", 
      "name": "relu4_3", 
      "attrs": {"act_type": "relu"}, 
      "inputs": [[42, 0, 0]]
    }, 
    {
      "op": "Pooling", 
      "name": "pool4", 
      "attrs": {
        "kernel": "(2, 2)", 
        "pool_type": "max", 
        "stride": "(2, 2)"
      }, 
      "inputs": [[43, 0, 0]]
    }, 
    {
      "op": "null", 
      "name": "conv5_1_weight", 
      "attrs": {
        "kernel": "(3, 3)", 
        "num_filter": "512", 
        "pad": "(1, 1)", 
        "workspace": "2048"
      }, 
      "inputs": []
    }, 
    {
      "op": "null", 
      "name": "conv5_1_bias", 
      "attrs": {
        "kernel": "(3, 3)", 
        "num_filter": "512", 
        "pad": "(1, 1)", 
        "workspace": "2048"
      }, 
      "inputs": []
    }, 
    {
      "op": "Convolution", 
      "name": "conv5_1", 
      "attrs": {
        "kernel": "(3, 3)", 
        "num_filter": "512", 
        "pad": "(1, 1)", 
        "workspace": "2048"
      }, 
      "inputs": [[44, 0, 0], [45, 0, 0], [46, 0, 0]]
    }, 
    {
      "op": "Activation", 
      "name": "relu5_1", 
      "attrs": {"act_type": "relu"}, 
      "inputs": [[47, 0, 0]]
    }, 
    {
      "op": "null", 
      "name": "conv5_2_weight", 
      "attrs": {
        "kernel": "(3, 3)", 
        "num_filter": "512", 
        "pad": "(1, 1)", 
        "workspace": "2048"
      }, 
      "inputs": []
    }, 
    {
      "op": "null", 
      "name": "conv5_2_bias", 
      "attrs": {
        "kernel": "(3, 3)", 
        "num_filter": "512", 
        "pad": "(1, 1)", 
        "workspace": "2048"
      }, 
      "inputs": []
    }, 
    {
      "op": "Convolution", 
      "name": "conv5_2", 
      "attrs": {
        "kernel": "(3, 3)", 
        "num_filter": "512", 
        "pad": "(1, 1)", 
        "workspace": "2048"
      }, 
      "inputs": [[48, 0, 0], [49, 0, 0], [50, 0, 0]]
    }, 
    {
      "op": "Activation", 
      "name": "relu5_2", 
      "attrs": {"act_type": "relu"}, 
      "inputs": [[51, 0, 0]]
    }, 
    {
      "op": "null", 
      "name": "conv5_3_weight", 
      "attrs": {
        "kernel": "(3, 3)", 
        "num_filter": "512", 
        "pad": "(1, 1)", 
        "workspace": "2048"
      }, 
      "inputs": []
    }, 
    {
      "op": "null", 
      "name": "conv5_3_bias", 
      "attrs": {
        "kernel": "(3, 3)", 
        "num_filter": "512", 
        "pad": "(1, 1)", 
        "workspace": "2048"
      }, 
      "inputs": []
    }, 
    {
      "op": "Convolution", 
      "name": "conv5_3", 
      "attrs": {
        "kernel": "(3, 3)", 
        "num_filter": "512", 
        "pad": "(1, 1)", 
        "workspace": "2048"
      }, 
      "inputs": [[52, 0, 0], [53, 0, 0], [54, 0, 0]]
    }, 
    {
      "op": "Activation", 
      "name": "relu5_3", 
      "attrs": {"act_type": "relu"}, 
      "inputs": [[55, 0, 0]]
    }, 
    {
      "op": "Pooling", 
      "name": "pooling0", 
      "attrs": {
        "kernel": "(2, 2)", 
        "pad": "(0, 0)", 
        "pool_type": "max", 
        "stride": "(2, 2)"
      }, 
      "inputs": [[56, 0, 0]]
    }, 
    {
      "op": "null", 
      "name": "ssh_m3_det_conv1_weight", 
      "attrs": {
        "__init__": "[\"normal\", {\"sigma\": 0.01}]", 
        "__lr_mult__": "1.0"
      }, 
      "inputs": []
    }, 
    {
      "op": "null", 
      "name": "ssh_m3_det_conv1_bias", 
      "attrs": {
        "__init__": "[\"constant\", {\"value\": 0.0}]", 
        "__lr_mult__": "2.0", 
        "__wd_mult__": "0.0"
      }, 
      "inputs": []
    }, 
    {
      "op": "Convolution", 
      "name": "ssh_m3_det_conv1", 
      "attrs": {
        "kernel": "(3, 3)", 
        "num_filter": "256", 
        "pad": "(1, 1)", 
        "stride": "(1, 1)"
      }, 
      "inputs": [[57, 0, 0], [58, 0, 0], [59, 0, 0]]
    }, 
    {
      "op": "null", 
      "name": "ssh_m3_det_context_conv1_weight", 
      "attrs": {
        "__init__": "[\"normal\", {\"sigma\": 0.01}]", 
        "__lr_mult__": "1.0"
      }, 
      "inputs": []
    }, 
    {
      "op": "null", 
      "name": "ssh_m3_det_context_conv1_bias", 
      "attrs": {
        "__init__": "[\"constant\", {\"value\": 0.0}]", 
        "__lr_mult__": "2.0", 
        "__wd_mult__": "0.0"
      }, 
      "inputs": []
    }, 
    {
      "op": "Convolution", 
      "name": "ssh_m3_det_context_conv1", 
      "attrs": {
        "kernel": "(3, 3)", 
        "num_filter": "128", 
        "pad": "(1, 1)", 
        "stride": "(1, 1)"
      }, 
      "inputs": [[57, 0, 0], [61, 0, 0], [62, 0, 0]]
    }, 
    {
      "op": "Activation", 
      "name": "ssh_m3_det_context_conv1_relu", 
      "attrs": {"act_type": "relu"}, 
      "inputs": [[63, 0, 0]]
    }, 
    {
      "op": "null", 
      "name": "ssh_m3_det_context_conv2_weight", 
      "attrs": {
        "__init__": "[\"normal\", {\"sigma\": 0.01}]", 
        "__lr_mult__": "1.0"
      }, 
      "inputs": []
    }, 
    {
      "op": "null", 
      "name": "ssh_m3_det_context_conv2_bias", 
      "attrs": {
        "__init__": "[\"constant\", {\"value\": 0.0}]", 
        "__lr_mult__": "2.0", 
        "__wd_mult__": "0.0"
      }, 
      "inputs": []
    }, 
    {
      "op": "Convolution", 
      "name": "ssh_m3_det_context_conv2", 
      "attrs": {
        "kernel": "(3, 3)", 
        "num_filter": "128", 
        "pad": "(1, 1)", 
        "stride": "(1, 1)"
      }, 
      "inputs": [[64, 0, 0], [65, 0, 0], [66, 0, 0]]
    }, 
    {
      "op": "null", 
      "name": "ssh_m3_det_context_conv3_1_weight", 
      "attrs": {
        "__init__": "[\"normal\", {\"sigma\": 0.01}]", 
        "__lr_mult__": "1.0"
      }, 
      "inputs": []
    }, 
    {
      "op": "null", 
      "name": "ssh_m3_det_context_conv3_1_bias", 
      "attrs": {
        "__init__": "[\"constant\", {\"value\": 0.0}]", 
        "__lr_mult__": "2.0", 
        "__wd_mult__": "0.0"
      }, 
      "inputs": []
    }, 
    {
      "op": "Convolution", 
      "name": "ssh_m3_det_context_conv3_1", 
      "attrs": {
        "kernel": "(3, 3)", 
        "num_filter": "128", 
        "pad": "(1, 1)", 
        "stride": "(1, 1)"
      }, 
      "inputs": [[64, 0, 0], [68, 0, 0], [69, 0, 0]]
    }, 
    {
      "op": "Activation", 
      "name": "ssh_m3_det_context_conv3_1_relu", 
      "attrs": {"act_type": "relu"}, 
      "inputs": [[70, 0, 0]]
    }, 
    {
      "op": "null", 
      "name": "ssh_m3_det_context_conv3_2_weight", 
      "attrs": {
        "__init__": "[\"normal\", {\"sigma\": 0.01}]", 
        "__lr_mult__": "1.0"
      }, 
      "inputs": []
    }, 
    {
      "op": "null", 
      "name": "ssh_m3_det_context_conv3_2_bias", 
      "attrs": {
        "__init__": "[\"constant\", {\"value\": 0.0}]", 
        "__lr_mult__": "2.0", 
        "__wd_mult__": "0.0"
      }, 
      "inputs": []
    }, 
    {
      "op": "Convolution", 
      "name": "ssh_m3_det_context_conv3_2", 
      "attrs": {
        "kernel": "(3, 3)", 
        "num_filter": "128", 
        "pad": "(1, 1)", 
        "stride": "(1, 1)"
      }, 
      "inputs": [[71, 0, 0], [72, 0, 0], [73, 0, 0]]
    }, 
    {
      "op": "Concat", 
      "name": "ssh_m3_det_concat", 
      "attrs": {
        "dim": "1", 
        "num_args": "3"
      }, 
      "inputs": [[60, 0, 0], [67, 0, 0], [74, 0, 0]]
    }, 
    {
      "op": "Activation", 
      "name": "ssh_m3_det_concat_relu", 
      "attrs": {"act_type": "relu"}, 
      "inputs": [[75, 0, 0]]
    }, 
    {
      "op": "null", 
      "name": "rpn_cls_score_stride32_weight", 
      "attrs": {
        "__init__": "[\"normal\", {\"sigma\": 0.01}]", 
        "__lr_mult__": "1.0"
      }, 
      "inputs": []
    }, 
    {
      "op": "null", 
      "name": "rpn_cls_score_stride32_bias", 
      "attrs": {
        "__init__": "[\"constant\", {\"value\": 0.0}]", 
        "__lr_mult__": "2.0", 
        "__wd_mult__": "0.0"
      }, 
      "inputs": []
    }, 
    {
      "op": "Convolution", 
      "name": "rpn_cls_score_stride32", 
      "attrs": {
        "kernel": "(1, 1)", 
        "num_filter": "4", 
        "pad": "(0, 0)", 
        "stride": "(1, 1)"
      }, 
      "inputs": [[76, 0, 0], [77, 0, 0], [78, 0, 0]]
    }, 
    {
      "op": "Reshape", 
      "name": "rpn_cls_score_reshape_stride32", 
      "attrs": {"shape": "(0, 2, -1, 0)"}, 
      "inputs": [[79, 0, 0]]
    }, 
    {
      "op": "SoftmaxActivation", 
      "name": "rpn_cls_prob_stride32", 
      "attrs": {"mode": "channel"}, 
      "inputs": [[80, 0, 0]]
    }, 
    {
      "op": "Reshape", 
      "name": "rpn_cls_prob_reshape_stride32", 
      "attrs": {"shape": "(0, 4, -1, 0)"}, 
      "inputs": [[81, 0, 0]]
    }, 
    {
      "op": "null", 
      "name": "rpn_bbox_pred_stride32_weight", 
      "attrs": {
        "__init__": "[\"normal\", {\"sigma\": 0.01}]", 
        "__lr_mult__": "1.0"
      }, 
      "inputs": []
    }, 
    {
      "op": "null", 
      "name": "rpn_bbox_pred_stride32_bias", 
      "attrs": {
        "__init__": "[\"constant\", {\"value\": 0.0}]", 
        "__lr_mult__": "2.0", 
        "__wd_mult__": "0.0"
      }, 
      "inputs": []
    }, 
    {
      "op": "Convolution", 
      "name": "rpn_bbox_pred_stride32", 
      "attrs": {
        "kernel": "(1, 1)", 
        "num_filter": "8", 
        "pad": "(0, 0)", 
        "stride": "(1, 1)"
      }, 
      "inputs": [[76, 0, 0], [83, 0, 0], [84, 0, 0]]
    }, 
    {
      "op": "null", 
      "name": "ssh_m2_det_conv1_weight", 
      "attrs": {
        "__init__": "[\"normal\", {\"sigma\": 0.01}]", 
        "__lr_mult__": "1.0"
      }, 
      "inputs": []
    }, 
    {
      "op": "null", 
      "name": "ssh_m2_det_conv1_bias", 
      "attrs": {
        "__init__": "[\"constant\", {\"value\": 0.0}]", 
        "__lr_mult__": "2.0", 
        "__wd_mult__": "0.0"
      }, 
      "inputs": []
    }, 
    {
      "op": "Convolution", 
      "name": "ssh_m2_det_conv1", 
      "attrs": {
        "kernel": "(3, 3)", 
        "num_filter": "256", 
        "pad": "(1, 1)", 
        "stride": "(1, 1)"
      }, 
      "inputs": [[56, 0, 0], [86, 0, 0], [87, 0, 0]]
    }, 
    {
      "op": "null", 
      "name": "ssh_m2_det_context_conv1_weight", 
      "attrs": {
        "__init__": "[\"normal\", {\"sigma\": 0.01}]", 
        "__lr_mult__": "1.0"
      }, 
      "inputs": []
    }, 
    {
      "op": "null", 
      "name": "ssh_m2_det_context_conv1_bias", 
      "attrs": {
        "__init__": "[\"constant\", {\"value\": 0.0}]", 
        "__lr_mult__": "2.0", 
        "__wd_mult__": "0.0"
      }, 
      "inputs": []
    }, 
    {
      "op": "Convolution", 
      "name": "ssh_m2_det_context_conv1", 
      "attrs": {
        "kernel": "(3, 3)", 
        "num_filter": "128", 
        "pad": "(1, 1)", 
        "stride": "(1, 1)"
      }, 
      "inputs": [[56, 0, 0], [89, 0, 0], [90, 0, 0]]
    }, 
    {
      "op": "Activation", 
      "name": "ssh_m2_det_context_conv1_relu", 
      "attrs": {"act_type": "relu"}, 
      "inputs": [[91, 0, 0]]
    }, 
    {
      "op": "null", 
      "name": "ssh_m2_det_context_conv2_weight", 
      "attrs": {
        "__init__": "[\"normal\", {\"sigma\": 0.01}]", 
        "__lr_mult__": "1.0"
      }, 
      "inputs": []
    }, 
    {
      "op": "null", 
      "name": "ssh_m2_det_context_conv2_bias", 
      "attrs": {
        "__init__": "[\"constant\", {\"value\": 0.0}]", 
        "__lr_mult__": "2.0", 
        "__wd_mult__": "0.0"
      }, 
      "inputs": []
    }, 
    {
      "op": "Convolution", 
      "name": "ssh_m2_det_context_conv2", 
      "attrs": {
        "kernel": "(3, 3)", 
        "num_filter": "128", 
        "pad": "(1, 1)", 
        "stride": "(1, 1)"
      }, 
      "inputs": [[92, 0, 0], [93, 0, 0], [94, 0, 0]]
    }, 
    {
      "op": "null", 
      "name": "ssh_m2_det_context_conv3_1_weight", 
      "attrs": {
        "__init__": "[\"normal\", {\"sigma\": 0.01}]", 
        "__lr_mult__": "1.0"
      }, 
      "inputs": []
    }, 
    {
      "op": "null", 
      "name": "ssh_m2_det_context_conv3_1_bias", 
      "attrs": {
        "__init__": "[\"constant\", {\"value\": 0.0}]", 
        "__lr_mult__": "2.0", 
        "__wd_mult__": "0.0"
      }, 
      "inputs": []
    }, 
    {
      "op": "Convolution", 
      "name": "ssh_m2_det_context_conv3_1", 
      "attrs": {
        "kernel": "(3, 3)", 
        "num_filter": "128", 
        "pad": "(1, 1)", 
        "stride": "(1, 1)"
      }, 
      "inputs": [[92, 0, 0], [96, 0, 0], [97, 0, 0]]
    }, 
    {
      "op": "Activation", 
      "name": "ssh_m2_det_context_conv3_1_relu", 
      "attrs": {"act_type": "relu"}, 
      "inputs": [[98, 0, 0]]
    }, 
    {
      "op": "null", 
      "name": "ssh_m2_det_context_conv3_2_weight", 
      "attrs": {
        "__init__": "[\"normal\", {\"sigma\": 0.01}]", 
        "__lr_mult__": "1.0"
      }, 
      "inputs": []
    }, 
    {
      "op": "null", 
      "name": "ssh_m2_det_context_conv3_2_bias", 
      "attrs": {
        "__init__": "[\"constant\", {\"value\": 0.0}]", 
        "__lr_mult__": "2.0", 
        "__wd_mult__": "0.0"
      }, 
      "inputs": []
    }, 
    {
      "op": "Convolution", 
      "name": "ssh_m2_det_context_conv3_2", 
      "attrs": {
        "kernel": "(3, 3)", 
        "num_filter": "128", 
        "pad": "(1, 1)", 
        "stride": "(1, 1)"
      }, 
      "inputs": [[99, 0, 0], [100, 0, 0], [101, 0, 0]]
    }, 
    {
      "op": "Concat", 
      "name": "ssh_m2_det_concat", 
      "attrs": {
        "dim": "1", 
        "num_args": "3"
      }, 
      "inputs": [[88, 0, 0], [95, 0, 0], [102, 0, 0]]
    }, 
    {
      "op": "Activation", 
      "name": "ssh_m2_det_concat_relu", 
      "attrs": {"act_type": "relu"}, 
      "inputs": [[103, 0, 0]]
    }, 
    {
      "op": "null", 
      "name": "rpn_cls_score_stride16_weight", 
      "attrs": {
        "__init__": "[\"normal\", {\"sigma\": 0.01}]", 
        "__lr_mult__": "1.0"
      }, 
      "inputs": []
    }, 
    {
      "op": "null", 
      "name": "rpn_cls_score_stride16_bias", 
      "attrs": {
        "__init__": "[\"constant\", {\"value\": 0.0}]", 
        "__lr_mult__": "2.0", 
        "__wd_mult__": "0.0"
      }, 
      "inputs": []
    }, 
    {
      "op": "Convolution", 
      "name": "rpn_cls_score_stride16", 
      "attrs": {
        "kernel": "(1, 1)", 
        "num_filter": "4", 
        "pad": "(0, 0)", 
        "stride": "(1, 1)"
      }, 
      "inputs": [[104, 0, 0], [105, 0, 0], [106, 0, 0]]
    }, 
    {
      "op": "Reshape", 
      "name": "rpn_cls_score_reshape_stride16", 
      "attrs": {"shape": "(0, 2, -1, 0)"}, 
      "inputs": [[107, 0, 0]]
    }, 
    {
      "op": "SoftmaxActivation", 
      "name": "rpn_cls_prob_stride16", 
      "attrs": {"mode": "channel"}, 
      "inputs": [[108, 0, 0]]
    }, 
    {
      "op": "Reshape", 
      "name": "rpn_cls_prob_reshape_stride16", 
      "attrs": {"shape": "(0, 4, -1, 0)"}, 
      "inputs": [[109, 0, 0]]
    }, 
    {
      "op": "null", 
      "name": "rpn_bbox_pred_stride16_weight", 
      "attrs": {
        "__init__": "[\"normal\", {\"sigma\": 0.01}]", 
        "__lr_mult__": "1.0"
      }, 
      "inputs": []
    }, 
    {
      "op": "null", 
      "name": "rpn_bbox_pred_stride16_bias", 
      "attrs": {
        "__init__": "[\"constant\", {\"value\": 0.0}]", 
        "__lr_mult__": "2.0", 
        "__wd_mult__": "0.0"
      }, 
      "inputs": []
    }, 
    {
      "op": "Convolution", 
      "name": "rpn_bbox_pred_stride16", 
      "attrs": {
        "kernel": "(1, 1)", 
        "num_filter": "8", 
        "pad": "(0, 0)", 
        "stride": "(1, 1)"
      }, 
      "inputs": [[104, 0, 0], [111, 0, 0], [112, 0, 0]]
    }, 
    {
      "op": "null", 
      "name": "ssh_m1_red_conv_weight", 
      "attrs": {
        "__init__": "[\"normal\", {\"sigma\": 0.01}]", 
        "__lr_mult__": "1.0"
      }, 
      "inputs": []
    }, 
    {
      "op": "null", 
      "name": "ssh_m1_red_conv_bias", 
      "attrs": {
        "__init__": "[\"constant\", {\"value\": 0.0}]", 
        "__lr_mult__": "2.0", 
        "__wd_mult__": "1.0"
      }, 
      "inputs": []
    }, 
    {
      "op": "Convolution", 
      "name": "ssh_m1_red_conv", 
      "attrs": {
        "kernel": "(1, 1)", 
        "num_filter": "128", 
        "pad": "(0, 0)", 
        "stride": "(1, 1)"
      }, 
      "inputs": [[43, 0, 0], [114, 0, 0], [115, 0, 0]]
    }, 
    {
      "op": "Activation", 
      "name": "ssh_m1_red_conv_relu", 
      "attrs": {"act_type": "relu"}, 
      "inputs": [[116, 0, 0]]
    }, 
    {
      "op": "null", 
      "name": "ssh_m2_red_conv_weight", 
      "attrs": {
        "__init__": "[\"normal\", {\"sigma\": 0.01}]", 
        "__lr_mult__": "1.0"
      }, 
      "inputs": []
    }, 
    {
      "op": "null", 
      "name": "ssh_m2_red_conv_bias", 
      "attrs": {
        "__init__": "[\"constant\", {\"value\": 0.0}]", 
        "__lr_mult__": "2.0", 
        "__wd_mult__": "1.0"
      }, 
      "inputs": []
    }, 
    {
      "op": "Convolution", 
      "name": "ssh_m2_red_conv", 
      "attrs": {
        "kernel": "(1, 1)", 
        "num_filter": "128", 
        "pad": "(0, 0)", 
        "stride": "(1, 1)"
      }, 
      "inputs": [[56, 0, 0], [118, 0, 0], [119, 0, 0]]
    }, 
    {
      "op": "Activation", 
      "name": "ssh_m2_red_conv_relu", 
      "attrs": {"act_type": "relu"}, 
      "inputs": [[120, 0, 0]]
    }, 
    {
      "op": "null", 
      "name": "ssh_m2_red_upsampling_weight", 
      "attrs": {
        "__lr_mult__": "0.0", 
        "__wd_mult__": "0.0", 
        "kernel": "(4, 4)", 
        "no_bias": "True", 
        "num_filter": "128", 
        "num_group": "128", 
        "pad": "(1, 1)", 
        "stride": "(2, 2)"
      }, 
      "inputs": []
    }, 
    {
      "op": "Deconvolution", 
      "name": "ssh_m2_red_upsampling", 
      "attrs": {
        "__lr_mult__": "0.0", 
        "__wd_mult__": "0.0", 
        "kernel": "(4, 4)", 
        "no_bias": "True", 
        "num_filter": "128", 
        "num_group": "128", 
        "pad": "(1, 1)", 
        "stride": "(2, 2)"
      }, 
      "inputs": [[121, 0, 0], [122, 0, 0]]
    }, 
    {
      "op": "Crop", 
      "name": "crop0", 
      "attrs": {"num_args": "2"}, 
      "inputs": [[117, 0, 0], [123, 0, 0]]
    }, 
    {
      "op": "elemwise_add", 
      "name": "_plus0", 
      "inputs": [[124, 0, 0], [123, 0, 0]]
    }, 
    {
      "op": "null", 
      "name": "ssh_m1_conv_weight", 
      "attrs": {
        "__init__": "[\"normal\", {\"sigma\": 0.01}]", 
        "__lr_mult__": "1.0"
      }, 
      "inputs": []
    }, 
    {
      "op": "null", 
      "name": "ssh_m1_conv_bias", 
      "attrs": {
        "__init__": "[\"constant\", {\"value\": 0.0}]", 
        "__lr_mult__": "2.0", 
        "__wd_mult__": "1.0"
      }, 
      "inputs": []
    }, 
    {
      "op": "Convolution", 
      "name": "ssh_m1_conv", 
      "attrs": {
        "kernel": "(3, 3)", 
        "num_filter": "128", 
        "pad": "(1, 1)", 
        "stride": "(1, 1)"
      }, 
      "inputs": [[125, 0, 0], [126, 0, 0], [127, 0, 0]]
    }, 
    {
      "op": "Activation", 
      "name": "ssh_m1_conv_relu", 
      "attrs": {"act_type": "relu"}, 
      "inputs": [[128, 0, 0]]
    }, 
    {
      "op": "null", 
      "name": "ssh_m1_det_conv1_weight", 
      "attrs": {
        "__init__": "[\"normal\", {\"sigma\": 0.01}]", 
        "__lr_mult__": "1.0"
      }, 
      "inputs": []
    }, 
    {
      "op": "null", 
      "name": "ssh_m1_det_conv1_bias", 
      "attrs": {
        "__init__": "[\"constant\", {\"value\": 0.0}]", 
        "__lr_mult__": "2.0", 
        "__wd_mult__": "0.0"
      }, 
      "inputs": []
    }, 
    {
      "op": "Convolution", 
      "name": "ssh_m1_det_conv1", 
      "attrs": {
        "kernel": "(3, 3)", 
        "num_filter": "128", 
        "pad": "(1, 1)", 
        "stride": "(1, 1)"
      }, 
      "inputs": [[129, 0, 0], [130, 0, 0], [131, 0, 0]]
    }, 
    {
      "op": "null", 
      "name": "ssh_m1_det_context_conv1_weight", 
      "attrs": {
        "__init__": "[\"normal\", {\"sigma\": 0.01}]", 
        "__lr_mult__": "1.0"
      }, 
      "inputs": []
    }, 
    {
      "op": "null", 
      "name": "ssh_m1_det_context_conv1_bias", 
      "attrs": {
        "__init__": "[\"constant\", {\"value\": 0.0}]", 
        "__lr_mult__": "2.0", 
        "__wd_mult__": "0.0"
      }, 
      "inputs": []
    }, 
    {
      "op": "Convolution", 
      "name": "ssh_m1_det_context_conv1", 
      "attrs": {
        "kernel": "(3, 3)", 
        "num_filter": "64", 
        "pad": "(1, 1)", 
        "stride": "(1, 1)"
      }, 
      "inputs": [[129, 0, 0], [133, 0, 0], [134, 0, 0]]
    }, 
    {
      "op": "Activation", 
      "name": "ssh_m1_det_context_conv1_relu", 
      "attrs": {"act_type": "relu"}, 
      "inputs": [[135, 0, 0]]
    }, 
    {
      "op": "null", 
      "name": "ssh_m1_det_context_conv2_weight", 
      "attrs": {
        "__init__": "[\"normal\", {\"sigma\": 0.01}]", 
        "__lr_mult__": "1.0"
      }, 
      "inputs": []
    }, 
    {
      "op": "null", 
      "name": "ssh_m1_det_context_conv2_bias", 
      "attrs": {
        "__init__": "[\"constant\", {\"value\": 0.0}]", 
        "__lr_mult__": "2.0", 
        "__wd_mult__": "0.0"
      }, 
      "inputs": []
    }, 
    {
      "op": "Convolution", 
      "name": "ssh_m1_det_context_conv2", 
      "attrs": {
        "kernel": "(3, 3)", 
        "num_filter": "64", 
        "pad": "(1, 1)", 
        "stride": "(1, 1)"
      }, 
      "inputs": [[136, 0, 0], [137, 0, 0], [138, 0, 0]]
    }, 
    {
      "op": "null", 
      "name": "ssh_m1_det_context_conv3_1_weight", 
      "attrs": {
        "__init__": "[\"normal\", {\"sigma\": 0.01}]", 
        "__lr_mult__": "1.0"
      }, 
      "inputs": []
    }, 
    {
      "op": "null", 
      "name": "ssh_m1_det_context_conv3_1_bias", 
      "attrs": {
        "__init__": "[\"constant\", {\"value\": 0.0}]", 
        "__lr_mult__": "2.0", 
        "__wd_mult__": "0.0"
      }, 
      "inputs": []
    }, 
    {
      "op": "Convolution", 
      "name": "ssh_m1_det_context_conv3_1", 
      "attrs": {
        "kernel": "(3, 3)", 
        "num_filter": "64", 
        "pad": "(1, 1)", 
        "stride": "(1, 1)"
      }, 
      "inputs": [[136, 0, 0], [140, 0, 0], [141, 0, 0]]
    }, 
    {
      "op": "Activation", 
      "name": "ssh_m1_det_context_conv3_1_relu", 
      "attrs": {"act_type": "relu"}, 
      "inputs": [[142, 0, 0]]
    }, 
    {
      "op": "null", 
      "name": "ssh_m1_det_context_conv3_2_weight", 
      "attrs": {
        "__init__": "[\"normal\", {\"sigma\": 0.01}]", 
        "__lr_mult__": "1.0"
      }, 
      "inputs": []
    }, 
    {
      "op": "null", 
      "name": "ssh_m1_det_context_conv3_2_bias", 
      "attrs": {
        "__init__": "[\"constant\", {\"value\": 0.0}]", 
        "__lr_mult__": "2.0", 
        "__wd_mult__": "0.0"
      }, 
      "inputs": []
    }, 
    {
      "op": "Convolution", 
      "name": "ssh_m1_det_context_conv3_2", 
      "attrs": {
        "kernel": "(3, 3)", 
        "num_filter": "64", 
        "pad": "(1, 1)", 
        "stride": "(1, 1)"
      }, 
      "inputs": [[143, 0, 0], [144, 0, 0], [145, 0, 0]]
    }, 
    {
      "op": "Concat", 
      "name": "ssh_m1_det_concat", 
      "attrs": {
        "dim": "1", 
        "num_args": "3"
      }, 
      "inputs": [[132, 0, 0], [139, 0, 0], [146, 0, 0]]
    }, 
    {
      "op": "Activation", 
      "name": "ssh_m1_det_concat_relu", 
      "attrs": {"act_type": "relu"}, 
      "inputs": [[147, 0, 0]]
    }, 
    {
      "op": "null", 
      "name": "rpn_cls_score_stride8_weight", 
      "attrs": {
        "__init__": "[\"normal\", {\"sigma\": 0.01}]", 
        "__lr_mult__": "1.0"
      }, 
      "inputs": []
    }, 
    {
      "op": "null", 
      "name": "rpn_cls_score_stride8_bias", 
      "attrs": {
        "__init__": "[\"constant\", {\"value\": 0.0}]", 
        "__lr_mult__": "2.0", 
        "__wd_mult__": "0.0"
      }, 
      "inputs": []
    }, 
    {
      "op": "Convolution", 
      "name": "rpn_cls_score_stride8", 
      "attrs": {
        "kernel": "(1, 1)", 
        "num_filter": "4", 
        "pad": "(0, 0)", 
        "stride": "(1, 1)"
      }, 
      "inputs": [[148, 0, 0], [149, 0, 0], [150, 0, 0]]
    }, 
    {
      "op": "Reshape", 
      "name": "rpn_cls_score_reshape_stride8", 
      "attrs": {"shape": "(0, 2, -1, 0)"}, 
      "inputs": [[151, 0, 0]]
    }, 
    {
      "op": "SoftmaxActivation", 
      "name": "rpn_cls_prob_stride8", 
      "attrs": {"mode": "channel"}, 
      "inputs": [[152, 0, 0]]
    }, 
    {
      "op": "Reshape", 
      "name": "rpn_cls_prob_reshape_stride8", 
      "attrs": {"shape": "(0, 4, -1, 0)"}, 
      "inputs": [[153, 0, 0]]
    }, 
    {
      "op": "null", 
      "name": "rpn_bbox_pred_stride8_weight", 
      "attrs": {
        "__init__": "[\"normal\", {\"sigma\": 0.01}]", 
        "__lr_mult__": "1.0"
      }, 
      "inputs": []
    }, 
    {
      "op": "null", 
      "name": "rpn_bbox_pred_stride8_bias", 
      "attrs": {
        "__init__": "[\"constant\", {\"value\": 0.0}]", 
        "__lr_mult__": "2.0", 
        "__wd_mult__": "0.0"
      }, 
      "inputs": []
    }, 
    {
      "op": "Convolution", 
      "name": "rpn_bbox_pred_stride8", 
      "attrs": {
        "kernel": "(1, 1)", 
        "num_filter": "8", 
        "pad": "(0, 0)", 
        "stride": "(1, 1)"
      }, 
      "inputs": [[148, 0, 0], [155, 0, 0], [156, 0, 0]]
    }
  ], 
  "arg_nodes": [
    0, 
    1, 
    2, 
    5, 
    6, 
    10, 
    11, 
    14, 
    15, 
    19, 
    20, 
    23, 
    24, 
    27, 
    28, 
    32, 
    33, 
    36, 
    37, 
    40, 
    41, 
    45, 
    46, 
    49, 
    50, 
    53, 
    54, 
    58, 
    59, 
    61, 
    62, 
    65, 
    66, 
    68, 
    69, 
    72, 
    73, 
    77, 
    78, 
    83, 
    84, 
    86, 
    87, 
    89, 
    90, 
    93, 
    94, 
    96, 
    97, 
    100, 
    101, 
    105, 
    106, 
    111, 
    112, 
    114, 
    115, 
    118, 
    119, 
    122, 
    126, 
    127, 
    130, 
    131, 
    133, 
    134, 
    137, 
    138, 
    140, 
    141, 
    144, 
    145, 
    149, 
    150, 
    155, 
    156
  ], 
  "node_row_ptr": [
    0, 
    1, 
    2, 
    3, 
    4, 
    5, 
    6, 
    7, 
    8, 
    9, 
    10, 
    11, 
    12, 
    13, 
    14, 
    15, 
    16, 
    17, 
    18, 
    19, 
    20, 
    21, 
    22, 
    23, 
    24, 
    25, 
    26, 
    27, 
    28, 
    29, 
    30, 
    31, 
    32, 
    33, 
    34, 
    35, 
    36, 
    37, 
    38, 
    39, 
    40, 
    41, 
    42, 
    43, 
    44, 
    45, 
    46, 
    47, 
    48, 
    49, 
    50, 
    51, 
    52, 
    53, 
    54, 
    55, 
    56, 
    57, 
    58, 
    59, 
    60, 
    61, 
    62, 
    63, 
    64, 
    65, 
    66, 
    67, 
    68, 
    69, 
    70, 
    71, 
    72, 
    73, 
    74, 
    75, 
    76, 
    77, 
    78, 
    79, 
    80, 
    81, 
    82, 
    83, 
    84, 
    85, 
    86, 
    87, 
    88, 
    89, 
    90, 
    91, 
    92, 
    93, 
    94, 
    95, 
    96, 
    97, 
    98, 
    99, 
    100, 
    101, 
    102, 
    103, 
    104, 
    105, 
    106, 
    107, 
    108, 
    109, 
    110, 
    111, 
    112, 
    113, 
    114, 
    115, 
    116, 
    117, 
    118, 
    119, 
    120, 
    121, 
    122, 
    123, 
    124, 
    125, 
    126, 
    127, 
    128, 
    129, 
    130, 
    131, 
    132, 
    133, 
    134, 
    135, 
    136, 
    137, 
    138, 
    139, 
    140, 
    141, 
    142, 
    143, 
    144, 
    145, 
    146, 
    147, 
    148, 
    149, 
    150, 
    151, 
    152, 
    153, 
    154, 
    155, 
    156, 
    157, 
    158
  ], 
  "heads": [[82, 0, 0], [85, 0, 0], [110, 0, 0], [113, 0, 0], [154, 0, 0], [157, 0, 0]], 
  "attrs": {"mxnet_version": ["int", 10200]}
}